"PostType","Slug","Title","Keys"
"page","sample-page__trashed","Sample Page",""
"page","home","Home","footnotes, hero_description_en, hero_description_th, hero_image, hero_title_en, hero_title_th"
"company","company-info","Company Info","address_en, address_th, contact_image, contact_image_1, contact_image_1_alt_en, contact_image_1_alt_th, contact_image_2, contact_image_2_alt_en, contact_image_2_alt_th, contact_image_3, contact_image_3_alt_en, contact_image_3_alt_th, contact_image_4, contact_image_4_alt_en, contact_image_4_alt_th, email_1, email_2, email_3, email3, line_qr, logo, name_en, name_th, phone_1_label_en, phone_1_label_th, phone_1_number, phone_2_label_en, phone_2_label_th, phone_2_number, phone_3_label_en, phone_3_label_th, phone_3_number, social_1_icon, social_1_type, social_1_url, social_2_icon, social_2_type, social_2_url, social_3_icon, social_3_type, social_3_url"
"post","hello-world__trashed","Hello world!",""
"page","privacy-policy__trashed","Privacy Policy",""
"post","chain-accessories-packaging-perceived-value","???????????????????????????????????????????????????????????????????????? ??????????????? Perceived Value ??????????????????????????????????????? OEM","featured_image, focus_keyword, meta_description, seo_title"
"post","cosmetic-packaging-oem-complete-guide","?????????????????????????????????????????????????????????????????? OEM ????????????????????? ??????????????????????????????????????????????????????????????????","featured_image, focus_keyword, meta_description, seo_title"
"post","compact-powder-case-oem","???????????????????????? OEM ??????????????????????????????????????????????????????????????????????????? Positioning ??????????????????","featured_image, focus_keyword, meta_description, seo_title"
"post","eco-packaging-fabric-bag-oem","????????????????????????????????????????????????????????? Eco Packaging OEM ???????????????????????????????????????????????????????????????????????????????????????","featured_image, focus_keyword, meta_description, seo_title"
"post","packaging-trend-2025-thai-oem-brand","Packaging Trend 2025 ???????????????????????????????????????????????????????????????????????? OEM ?????????","featured_image, focus_keyword, meta_description, seo_title"
"post","spout-oem-guide","?????????????????? (Spout) ????????????????????????????????????????????????????????????????????? OEM","featured_image, focus_keyword, meta_description, seo_title"
"post","pump-dispenser-oem-guide","??????????????????????????? ???????????????????????????????????????????????????????????????????????? OEM","featured_image, focus_keyword, meta_description, seo_title"
"post","mascara-packaging-oem","?????????????????????????????????????????????????????? OEM ????????????????????????????????????????????????","featured_image, focus_keyword, meta_description, seo_title"
"post","lipstick-bullet-holder-plastic-vs-aluminum","???????????????????????????????????????????????? ????????????????????? vs ????????????????????????????????? ?????????????????????????????????","featured_image, focus_keyword, meta_description, seo_title"
"post","plastic-handle-grip-packaging-oem","??????????????????????????????????????? ???????????????????????????????????????????????????????????????????????????????????????????????????????????? OEM","featured_image, focus_keyword, meta_description, seo_title"
