"type","id","slug","url_th","url_en","category_slug","name_th","name_en","primary_keyword_th","primary_keyword_en","secondary_terms_th","secondary_terms_en","short_description_status","long_content_status","application_status","faq_count","priority","fields_to_fill","writing_angle_th","writing_angle_en"
"product","774","ball-chain-decorative","https://168innovative.co.th/categories/ball-chain/ball-chain-decorative","https://168innovative.co.th/en/categories/ball-chain/ball-chain-decorative","ball-chain","สายลูกปัด Ball Chain สำหรับบรรจุภัณฑ์เครื่องสำอางและงานตกแต่ง","Ball Chain Decorative Chain for Cosmetic Packaging","สายลูกปัด Ball Chain สำหรับบรรจุภัณฑ์เครื่องสำอางและงานตกแต่ง","Ball Chain Decorative Chain for Cosmetic Packaging","โซ่ลูกปัดและอุปกรณ์เสริม | รับผลิต | OEM | โรงงาน","Ball Chain Accessories | OEM | manufacturer | supplier","filled","missing","filled","0","High","content_th | content_en | faq_items | focus_keyword_th | focus_keyword_en","สรุปจุดเด่น + วัสดุ/ขนาด + การใช้งาน + กลุ่มสินค้า/อุตสาหกรรมที่เหมาะ + CTA สอบถามราคา","Explain features, size/material, applications, suitable industries, and B2B enquiry angle"
"product","747","q20-04","https://168innovative.co.th/categories/dispensing-press-cap/q20-04","https://168innovative.co.th/en/categories/dispensing-press-cap/q20-04","dispensing-press-cap","ฝาปั๊มกด รุ่น Q20-04","Dispensing Press Cap Q20-04 Cosmetic Packaging","ฝาปั๊มกด รุ่น Q20-04","Dispensing Press Cap Q20-04 Cosmetic Packaging","ฝาพลาสติก ฝากด | รับผลิต | OEM | โรงงาน","Dispensing Press Cap | OEM | manufacturer | supplier","filled","missing","missing","0","High","content_th | content_en | application_th | application_en | faq_items | focus_keyword_th | focus_keyword_en","สรุปจุดเด่น + วัสดุ/ขนาด + การใช้งาน + กลุ่มสินค้า/อุตสาหกรรมที่เหมาะ + CTA สอบถามราคา","Explain features, size/material, applications, suitable industries, and B2B enquiry angle"
"product","729","soap-bag-110","https://168innovative.co.th/categories/soap-bag/soap-bag-110","https://168innovative.co.th/en/categories/soap-bag/soap-bag-110","soap-bag","ถุงใส่สบู่ ถุงสบู่สําหรับก้อนสบู่","Soap Saver Bag","ถุงใส่สบู่ ถุงสบู่สําหรับก้อนสบู่","Soap Saver Bag","ถุงสบู่ / ถุงบรรจุภัณฑ์ | รับผลิต | OEM | โรงงาน","Soap Packaging Bag | OEM | manufacturer | supplier","filled","missing","filled","0","High","content_th | content_en | faq_items | focus_keyword_th | focus_keyword_en","สรุปจุดเด่น + วัสดุ/ขนาด + การใช้งาน + กลุ่มสินค้า/อุตสาหกรรมที่เหมาะ + CTA สอบถามราคา","Explain features, size/material, applications, suitable industries, and B2B enquiry angle"
"product","616","spout-md11","https://168innovative.co.th/categories/plastic-handle/spout-md11","https://168innovative.co.th/en/categories/plastic-handle/spout-md11","plastic-handle","จุกพลาสติก MD11 ขนาด ราง PVC (รางนำจุก PVC)","Plastic Spout MD11 ราง PVC (รางนำจุก PVC)","จุกพลาสติก MD11 ขนาด ราง PVC (รางนำจุก PVC)","Plastic Spout MD11 ราง PVC (รางนำจุก PVC)","ที่จับพลาสติก | รับผลิต | OEM | โรงงาน","Plastic Handle | OEM | manufacturer | supplier","filled","missing","filled","0","High","content_th | content_en | faq_items | focus_keyword_th | focus_keyword_en","สรุปจุดเด่น + วัสดุ/ขนาด + การใช้งาน + กลุ่มสินค้า/อุตสาหกรรมที่เหมาะ + CTA สอบถามราคา","Explain features, size/material, applications, suitable industries, and B2B enquiry angle"
"product","615","spout-sm45","https://168innovative.co.th/categories/spout/spout-sm45","https://168innovative.co.th/en/categories/spout/spout-sm45","spout","จุกพลาสติก SM45 ขนาด 16.0mm HDPE/HDPP (ฝาพับ (Flip Cap))","Plastic Spout SM45 16.0mm HDPE/HDPP (ฝาพับ (Flip Cap))","จุกพลาสติก SM45 ขนาด 16.0mm HDPE/HDPP (ฝาพับ (Flip Cap))","Plastic Spout SM45 16.0mm HDPE/HDPP (ฝาพับ (Flip Cap))","จุกซอง | รับผลิต | OEM | โรงงาน","Spout Caps | OEM | manufacturer | supplier","filled","missing","filled","0","High","content_th | content_en | faq_items | focus_keyword_th | focus_keyword_en","สรุปจุดเด่น + วัสดุ/ขนาด + การใช้งาน + กลุ่มสินค้า/อุตสาหกรรมที่เหมาะ + CTA สอบถามราคา","Explain features, size/material, applications, suitable industries, and B2B enquiry angle"
"product","614","spout-sm70","https://168innovative.co.th/categories/spout/spout-sm70","https://168innovative.co.th/en/categories/spout/spout-sm70","spout","จุกพลาสติก SM70 ขนาด 10.0mm HDPE (ฝาพับ (Flip Cap))","Plastic Spout SM70 10.0mm HDPE (ฝาพับ (Flip Cap))","จุกพลาสติก SM70 ขนาด 10.0mm HDPE (ฝาพับ (Flip Cap))","Plastic Spout SM70 10.0mm HDPE (ฝาพับ (Flip Cap))","จุกซอง | รับผลิต | OEM | โรงงาน","Spout Caps | OEM | manufacturer | supplier","filled","missing","filled","0","High","content_th | content_en | faq_items | focus_keyword_th | focus_keyword_en","สรุปจุดเด่น + วัสดุ/ขนาด + การใช้งาน + กลุ่มสินค้า/อุตสาหกรรมที่เหมาะ + CTA สอบถามราคา","Explain features, size/material, applications, suitable industries, and B2B enquiry angle"
"product","613","spout-sm68","https://168innovative.co.th/categories/spout/spout-sm68","https://168innovative.co.th/en/categories/spout/spout-sm68","spout","จุกพลาสติก SM68 ขนาด 8.6mm HDPE (ฝาพับ (Flip Cap))","Plastic Spout SM68 8.6mm HDPE (ฝาพับ (Flip Cap))","จุกพลาสติก SM68 ขนาด 8.6mm HDPE (ฝาพับ (Flip Cap))","Plastic Spout SM68 8.6mm HDPE (ฝาพับ (Flip Cap))","จุกซอง | รับผลิต | OEM | โรงงาน","Spout Caps | OEM | manufacturer | supplier","filled","missing","filled","0","High","content_th | content_en | faq_items | focus_keyword_th | focus_keyword_en","สรุปจุดเด่น + วัสดุ/ขนาด + การใช้งาน + กลุ่มสินค้า/อุตสาหกรรมที่เหมาะ + CTA สอบถามราคา","Explain features, size/material, applications, suitable industries, and B2B enquiry angle"
"product","611","spout-sm38-1","https://168innovative.co.th/categories/plastic-handle/spout-sm38-1","https://168innovative.co.th/en/categories/plastic-handle/spout-sm38-1","plastic-handle","จุกพลาสติก SM38-1 ขนาด หูหิ้ว HDPP (หูหิ้วซอง REACH/FDA)","Plastic Spout SM38-1 หูหิ้ว HDPP","จุกพลาสติก SM38-1 ขนาด หูหิ้ว HDPP (หูหิ้วซอง REACH/FDA)","Plastic Spout SM38-1 หูหิ้ว HDPP","ที่จับพลาสติก | รับผลิต | OEM | โรงงาน","Plastic Handle | OEM | manufacturer | supplier","filled","missing","filled","0","High","content_th | content_en | faq_items | focus_keyword_th | focus_keyword_en","สรุปจุดเด่น + วัสดุ/ขนาด + การใช้งาน + กลุ่มสินค้า/อุตสาหกรรมที่เหมาะ + CTA สอบถามราคา","Explain features, size/material, applications, suitable industries, and B2B enquiry angle"
"product","609","spout-sm58-pp","https://168innovative.co.th/categories/spout/spout-sm58-pp","https://168innovative.co.th/en/categories/spout/spout-sm58-pp","spout","จุกพลาสติก SM58-PP ขนาด 8.6mm HDPE (ฝาใหญ่ลายเส้น ทนความร้อนสูง)","Plastic Spout SM58-PP 8.6mm HDPE (ฝาใหญ่ลายเส้น ทนความร้อนสูง)","จุกพลาสติก SM58-PP ขนาด 8.6mm HDPE (ฝาใหญ่ลายเส้น ทนความร้อนสูง)","Plastic Spout SM58-PP 8.6mm HDPE (ฝาใหญ่ลายเส้น ทนความร้อนสูง)","จุกซอง | รับผลิต | OEM | โรงงาน","Spout Caps | OEM | manufacturer | supplier","filled","missing","filled","0","High","content_th | content_en | faq_items | focus_keyword_th | focus_keyword_en","สรุปจุดเด่น + วัสดุ/ขนาด + การใช้งาน + กลุ่มสินค้า/อุตสาหกรรมที่เหมาะ + CTA สอบถามราคา","Explain features, size/material, applications, suitable industries, and B2B enquiry angle"
"product","608","spout-sm18-pp","https://168innovative.co.th/categories/spout/spout-sm18-pp","https://168innovative.co.th/en/categories/spout/spout-sm18-pp","spout","ฝาจุกติดซองพลาสติก SM18-PP ขนาด 8.6mm PP (ฝาใหญ่ทรงเพชร ทนความร้อนสูง)","Plastic Spout SM18-PP 8.6mm PP (ฝาใหญ่ทรงเพชร ทนความร้อนสูง)","ฝาจุกติดซองพลาสติก SM18-PP ขนาด 8.6mm PP (ฝาใหญ่ทรงเพชร ทนความร้อนสูง)","Plastic Spout SM18-PP 8.6mm PP (ฝาใหญ่ทรงเพชร ทนความร้อนสูง)","จุกซอง | รับผลิต | OEM | โรงงาน","Spout Caps | OEM | manufacturer | supplier","filled","missing","filled","0","High","content_th | content_en | faq_items | focus_keyword_th | focus_keyword_en","สรุปจุดเด่น + วัสดุ/ขนาด + การใช้งาน + กลุ่มสินค้า/อุตสาหกรรมที่เหมาะ + CTA สอบถามราคา","Explain features, size/material, applications, suitable industries, and B2B enquiry angle"
"product","607","spout-sm02-pp","https://168innovative.co.th/categories/spout/spout-sm02-pp","https://168innovative.co.th/en/categories/spout/spout-sm02-pp","spout","ฝาจุกติดซองพลาสติกSM02-PP ขนาด 8.6mm PP (วัสดุ PP)","Plastic Spout SM02-PP 8.6mm PP (วัสดุ PP)","ฝาจุกติดซองพลาสติกSM02-PP ขนาด 8.6mm PP (วัสดุ PP)","Plastic Spout SM02-PP 8.6mm PP (วัสดุ PP)","จุกซอง | รับผลิต | OEM | โรงงาน","Spout Caps | OEM | manufacturer | supplier","filled","missing","filled","0","High","content_th | content_en | faq_items | focus_keyword_th | focus_keyword_en","สรุปจุดเด่น + วัสดุ/ขนาด + การใช้งาน + กลุ่มสินค้า/อุตสาหกรรมที่เหมาะ + CTA สอบถามราคา","Explain features, size/material, applications, suitable industries, and B2B enquiry angle"
"product","606","spout-sm10","https://168innovative.co.th/categories/spout/spout-sm10","https://168innovative.co.th/en/categories/spout/spout-sm10","spout","จุกติดซองพลาสติก SM10 ขนาด 33.0mm HDPE","Plastic Spout SM10 33.0mm HDPE","จุกติดซองพลาสติก SM10 ขนาด 33.0mm HDPE","Plastic Spout SM10 33.0mm HDPE","จุกซอง | รับผลิต | OEM | โรงงาน","Spout Caps | OEM | manufacturer | supplier","filled","missing","filled","0","High","content_th | content_en | faq_items | focus_keyword_th | focus_keyword_en","สรุปจุดเด่น + วัสดุ/ขนาด + การใช้งาน + กลุ่มสินค้า/อุตสาหกรรมที่เหมาะ + CTA สอบถามราคา","Explain features, size/material, applications, suitable industries, and B2B enquiry angle"
"product","605","spout-sm17","https://168innovative.co.th/categories/spout/spout-sm17","https://168innovative.co.th/en/categories/spout/spout-sm17","spout","ฝาจุกติดซองพลาสติก SM17 ขนาด 28.0mm HDPE (ฝาปิดหัวดูด)","Plastic Spout SM17 28.0mm HDPE (ฝาปิดหัวดูด)","ฝาจุกติดซองพลาสติก SM17 ขนาด 28.0mm HDPE (ฝาปิดหัวดูด)","Plastic Spout SM17 28.0mm HDPE (ฝาปิดหัวดูด)","จุกซอง | รับผลิต | OEM | โรงงาน","Spout Caps | OEM | manufacturer | supplier","filled","missing","filled","0","High","content_th | content_en | faq_items | focus_keyword_th | focus_keyword_en","สรุปจุดเด่น + วัสดุ/ขนาด + การใช้งาน + กลุ่มสินค้า/อุตสาหกรรมที่เหมาะ + CTA สอบถามราคา","Explain features, size/material, applications, suitable industries, and B2B enquiry angle"
"product","604","spout-sm19","https://168innovative.co.th/categories/spout/spout-sm19","https://168innovative.co.th/en/categories/spout/spout-sm19","spout","ฝาจุกติดซองพลาสติก SM19 ขนาด 22.0mm HDPE","Plastic Spout SM19 22.0mm HDPE","ฝาจุกติดซองพลาสติก SM19 ขนาด 22.0mm HDPE","Plastic Spout SM19 22.0mm HDPE","จุกซอง | รับผลิต | OEM | โรงงาน","Spout Caps | OEM | manufacturer | supplier","filled","missing","filled","0","High","content_th | content_en | faq_items | focus_keyword_th | focus_keyword_en","สรุปจุดเด่น + วัสดุ/ขนาด + การใช้งาน + กลุ่มสินค้า/อุตสาหกรรมที่เหมาะ + CTA สอบถามราคา","Explain features, size/material, applications, suitable industries, and B2B enquiry angle"
"product","603","spout-sm08","https://168innovative.co.th/categories/spout/spout-sm08","https://168innovative.co.th/en/categories/spout/spout-sm08","spout","ฝาจุกติดซองพลาสติก SM08 ขนาด 22.0mm HDPE","Plastic Spout SM08 22.0mm HDPE","ฝาจุกติดซองพลาสติก SM08 ขนาด 22.0mm HDPE","Plastic Spout SM08 22.0mm HDPE","จุกซอง | รับผลิต | OEM | โรงงาน","Spout Caps | OEM | manufacturer | supplier","filled","missing","filled","0","High","content_th | content_en | faq_items | focus_keyword_th | focus_keyword_en","สรุปจุดเด่น + วัสดุ/ขนาด + การใช้งาน + กลุ่มสินค้า/อุตสาหกรรมที่เหมาะ + CTA สอบถามราคา","Explain features, size/material, applications, suitable industries, and B2B enquiry angle"
"product","601","spout-sm06","https://168innovative.co.th/categories/spout/spout-sm06","https://168innovative.co.th/en/categories/spout/spout-sm06","spout","ฝาจุกติดซองพลาสติก SM06 ขนาด 16.0mm HDPE","Plastic Spout SM06 16.0mm HDPE","ฝาจุกติดซองพลาสติก SM06 ขนาด 16.0mm HDPE","Plastic Spout SM06 16.0mm HDPE","จุกซอง | รับผลิต | OEM | โรงงาน","Spout Caps | OEM | manufacturer | supplier","filled","missing","filled","0","High","content_th | content_en | faq_items | focus_keyword_th | focus_keyword_en","สรุปจุดเด่น + วัสดุ/ขนาด + การใช้งาน + กลุ่มสินค้า/อุตสาหกรรมที่เหมาะ + CTA สอบถามราคา","Explain features, size/material, applications, suitable industries, and B2B enquiry angle"
"product","600","spout-sm51","https://168innovative.co.th/categories/spout/spout-sm51","https://168innovative.co.th/en/categories/spout/spout-sm51","spout","จุกพลาสติก SM51 ขนาด 15.0mm HDPE","Plastic Spout SM51 15.0mm HDPE","จุกพลาสติก SM51 ขนาด 15.0mm HDPE","Plastic Spout SM51 15.0mm HDPE","จุกซอง | รับผลิต | OEM | โรงงาน","Spout Caps | OEM | manufacturer | supplier","filled","missing","filled","0","High","content_th | content_en | faq_items | focus_keyword_th | focus_keyword_en","สรุปจุดเด่น + วัสดุ/ขนาด + การใช้งาน + กลุ่มสินค้า/อุตสาหกรรมที่เหมาะ + CTA สอบถามราคา","Explain features, size/material, applications, suitable industries, and B2B enquiry angle"
"product","599","spout-sm04-a","https://168innovative.co.th/categories/spout/spout-sm04-a","https://168innovative.co.th/en/categories/spout/spout-sm04-a","spout","จุกติดซองพลาสติก SM04-A ขนาด 13.0mm HDPE","Plastic Spout SM04-A 13.0mm HDPE","จุกติดซองพลาสติก SM04-A ขนาด 13.0mm HDPE","Plastic Spout SM04-A 13.0mm HDPE","จุกซอง | รับผลิต | OEM | โรงงาน","Spout Caps | OEM | manufacturer | supplier","filled","missing","filled","0","High","content_th | content_en | faq_items | focus_keyword_th | focus_keyword_en","สรุปจุดเด่น + วัสดุ/ขนาด + การใช้งาน + กลุ่มสินค้า/อุตสาหกรรมที่เหมาะ + CTA สอบถามราคา","Explain features, size/material, applications, suitable industries, and B2B enquiry angle"
"product","598","spout-sm04","https://168innovative.co.th/categories/spout/spout-sm04","https://168innovative.co.th/en/categories/spout/spout-sm04","spout","จุกติดซองพลาสติก SM04 ขนาด 13.0mm HDPE","Plastic Spout SM04 13.0mm HDPE","จุกติดซองพลาสติก SM04 ขนาด 13.0mm HDPE","Plastic Spout SM04 13.0mm HDPE","จุกซอง | รับผลิต | OEM | โรงงาน","Spout Caps | OEM | manufacturer | supplier","filled","missing","filled","0","High","content_th | content_en | faq_items | focus_keyword_th | focus_keyword_en","สรุปจุดเด่น + วัสดุ/ขนาด + การใช้งาน + กลุ่มสินค้า/อุตสาหกรรมที่เหมาะ + CTA สอบถามราคา","Explain features, size/material, applications, suitable industries, and B2B enquiry angle"
"product","596","spout-sm65","https://168innovative.co.th/categories/spout/spout-sm65","https://168innovative.co.th/en/categories/spout/spout-sm65","spout","จุกพลาสติก SM65 ขนาด 10.0mm HDPE","Plastic Spout SM65 10.0mm HDPE","จุกพลาสติก SM65 ขนาด 10.0mm HDPE","Plastic Spout SM65 10.0mm HDPE","จุกซอง | รับผลิต | OEM | โรงงาน","Spout Caps | OEM | manufacturer | supplier","filled","missing","filled","0","High","content_th | content_en | faq_items | focus_keyword_th | focus_keyword_en","สรุปจุดเด่น + วัสดุ/ขนาด + การใช้งาน + กลุ่มสินค้า/อุตสาหกรรมที่เหมาะ + CTA สอบถามราคา","Explain features, size/material, applications, suitable industries, and B2B enquiry angle"
"product","595","spout-sm12","https://168innovative.co.th/categories/spout/spout-sm12","https://168innovative.co.th/en/categories/spout/spout-sm12","spout","จุกติดซองพลาสติก SM12 ขนาด 10.0mm HDPE","Plastic Spout SM12 10.0mm HDPE","จุกติดซองพลาสติก SM12 ขนาด 10.0mm HDPE","Plastic Spout SM12 10.0mm HDPE","จุกซอง | รับผลิต | OEM | โรงงาน","Spout Caps | OEM | manufacturer | supplier","filled","missing","filled","0","High","content_th | content_en | faq_items | focus_keyword_th | focus_keyword_en","สรุปจุดเด่น + วัสดุ/ขนาด + การใช้งาน + กลุ่มสินค้า/อุตสาหกรรมที่เหมาะ + CTA สอบถามราคา","Explain features, size/material, applications, suitable industries, and B2B enquiry angle"
"product","594","spout-sm48","https://168innovative.co.th/categories/spout/spout-sm48","https://168innovative.co.th/en/categories/spout/spout-sm48","spout","จุกพลาสติก SM48 ขนาด 9.6mm HDPE","Plastic Spout SM48 9.6mm HDPE","จุกพลาสติก SM48 ขนาด 9.6mm HDPE","Plastic Spout SM48 9.6mm HDPE","จุกซอง | รับผลิต | OEM | โรงงาน","Spout Caps | OEM | manufacturer | supplier","filled","missing","filled","0","High","content_th | content_en | faq_items | focus_keyword_th | focus_keyword_en","สรุปจุดเด่น + วัสดุ/ขนาด + การใช้งาน + กลุ่มสินค้า/อุตสาหกรรมที่เหมาะ + CTA สอบถามราคา","Explain features, size/material, applications, suitable industries, and B2B enquiry angle"
"product","592","spout-sm14","https://168innovative.co.th/categories/spout/spout-sm14","https://168innovative.co.th/en/categories/spout/spout-sm14","spout","จุกติดซองพลาสติก SM14 ขนาด 9.6mm HDPE (ไม่มีคลิป REACH/FDA)","Plastic Spout SM14 9.6mm HDPE","จุกติดซองพลาสติก SM14 ขนาด 9.6mm HDPE (ไม่มีคลิป REACH/FDA)","Plastic Spout SM14 9.6mm HDPE","จุกซอง | รับผลิต | OEM | โรงงาน","Spout Caps | OEM | manufacturer | supplier","filled","missing","filled","0","High","content_th | content_en | faq_items | focus_keyword_th | focus_keyword_en","สรุปจุดเด่น + วัสดุ/ขนาด + การใช้งาน + กลุ่มสินค้า/อุตสาหกรรมที่เหมาะ + CTA สอบถามราคา","Explain features, size/material, applications, suitable industries, and B2B enquiry angle"
"product","591","spout-sm50","https://168innovative.co.th/categories/spout/spout-sm50","https://168innovative.co.th/en/categories/spout/spout-sm50","spout","จุกพลาสติก SM50 ขนาด 9.6mm HDPE","Plastic Spout SM50 9.6mm HDPE","จุกพลาสติก SM50 ขนาด 9.6mm HDPE","Plastic Spout SM50 9.6mm HDPE","จุกซอง | รับผลิต | OEM | โรงงาน","Spout Caps | OEM | manufacturer | supplier","filled","missing","filled","0","High","content_th | content_en | faq_items | focus_keyword_th | focus_keyword_en","สรุปจุดเด่น + วัสดุ/ขนาด + การใช้งาน + กลุ่มสินค้า/อุตสาหกรรมที่เหมาะ + CTA สอบถามราคา","Explain features, size/material, applications, suitable industries, and B2B enquiry angle"
"product","590","spout-sm67","https://168innovative.co.th/categories/spout/spout-sm67","https://168innovative.co.th/en/categories/spout/spout-sm67","spout","ฝาจุกติดซอง SM67 ขนาด 8.6mm HDPE (ฝาใหญ่)","Plastic Spout SM67 8.6mm HDPE (ฝาใหญ่)","ฝาจุกติดซอง SM67 ขนาด 8.6mm HDPE (ฝาใหญ่)","Plastic Spout SM67 8.6mm HDPE (ฝาใหญ่)","จุกซอง | รับผลิต | OEM | โรงงาน","Spout Caps | OEM | manufacturer | supplier","filled","missing","filled","0","High","content_th | content_en | faq_items | focus_keyword_th | focus_keyword_en","สรุปจุดเด่น + วัสดุ/ขนาด + การใช้งาน + กลุ่มสินค้า/อุตสาหกรรมที่เหมาะ + CTA สอบถามราคา","Explain features, size/material, applications, suitable industries, and B2B enquiry angle"
"product","589","spout-sm18-b","https://168innovative.co.th/categories/spout/spout-sm18-b","https://168innovative.co.th/en/categories/spout/spout-sm18-b","spout","ฝาจุกติดซองพลาสติก SM18-B ขนาด 8.6mm HDPE","Plastic Spout SM18-B 8.6mm HDPE","ฝาจุกติดซองพลาสติก SM18-B ขนาด 8.6mm HDPE","Plastic Spout SM18-B 8.6mm HDPE","จุกซอง | รับผลิต | OEM | โรงงาน","Spout Caps | OEM | manufacturer | supplier","filled","missing","filled","0","High","content_th | content_en | faq_items | focus_keyword_th | focus_keyword_en","สรุปจุดเด่น + วัสดุ/ขนาด + การใช้งาน + กลุ่มสินค้า/อุตสาหกรรมที่เหมาะ + CTA สอบถามราคา","Explain features, size/material, applications, suitable industries, and B2B enquiry angle"
"product","588","spout-sm18-a","https://168innovative.co.th/categories/spout/spout-sm18-a","https://168innovative.co.th/en/categories/spout/spout-sm18-a","spout","ฝาจุกติดซองพลาสติก SM18-A ขนาด 8.6mm HDPE (ฝาใหญ่ทรงเพชร)","Plastic Spout SM18-A 8.6mm HDPE (ฝาใหญ่ทรงเพชร)","ฝาจุกติดซองพลาสติก SM18-A ขนาด 8.6mm HDPE (ฝาใหญ่ทรงเพชร)","Plastic Spout SM18-A 8.6mm HDPE (ฝาใหญ่ทรงเพชร)","จุกซอง | รับผลิต | OEM | โรงงาน","Spout Caps | OEM | manufacturer | supplier","filled","missing","filled","0","High","content_th | content_en | faq_items | focus_keyword_th | focus_keyword_en","สรุปจุดเด่น + วัสดุ/ขนาด + การใช้งาน + กลุ่มสินค้า/อุตสาหกรรมที่เหมาะ + CTA สอบถามราคา","Explain features, size/material, applications, suitable industries, and B2B enquiry angle"
"product","587","spout-sm58-c","https://168innovative.co.th/categories/spout/spout-sm58-c","https://168innovative.co.th/en/categories/spout/spout-sm58-c","spout","ฝาจุกติดซองพลาสติก SM58-C ขนาด 8.6mm HDPE","Plastic Spout SM58-C 8.6mm HDPE","ฝาจุกติดซองพลาสติก SM58-C ขนาด 8.6mm HDPE","Plastic Spout SM58-C 8.6mm HDPE","จุกซอง | รับผลิต | OEM | โรงงาน","Spout Caps | OEM | manufacturer | supplier","filled","missing","filled","0","High","content_th | content_en | faq_items | focus_keyword_th | focus_keyword_en","สรุปจุดเด่น + วัสดุ/ขนาด + การใช้งาน + กลุ่มสินค้า/อุตสาหกรรมที่เหมาะ + CTA สอบถามราคา","Explain features, size/material, applications, suitable industries, and B2B enquiry angle"
"product","586","spout-sm58-a","https://168innovative.co.th/categories/spout/spout-sm58-a","https://168innovative.co.th/en/categories/spout/spout-sm58-a","spout","ฝาจุกติดซองพลาสติก SM58-A ขนาด 8.6mm HDPE (ฝาใหญ่)","Plastic Spout SM58-A 8.6mm HDPE (ฝาใหญ่)","ฝาจุกติดซองพลาสติก SM58-A ขนาด 8.6mm HDPE (ฝาใหญ่)","Plastic Spout SM58-A 8.6mm HDPE (ฝาใหญ่)","จุกซอง | รับผลิต | OEM | โรงงาน","Spout Caps | OEM | manufacturer | supplier","filled","missing","filled","0","High","content_th | content_en | faq_items | focus_keyword_th | focus_keyword_en","สรุปจุดเด่น + วัสดุ/ขนาด + การใช้งาน + กลุ่มสินค้า/อุตสาหกรรมที่เหมาะ + CTA สอบถามราคา","Explain features, size/material, applications, suitable industries, and B2B enquiry angle"
"product","585","spout-sm64","https://168innovative.co.th/categories/spout/spout-sm64","https://168innovative.co.th/en/categories/spout/spout-sm64","spout","ฝาจุกติดซองพลาสติก SM64 ขนาด 8.6mm HDPE (ท่อกากบาท)","Plastic Spout SM64 8.6mm HDPE (ท่อกากบาท)","ฝาจุกติดซองพลาสติก SM64 ขนาด 8.6mm HDPE (ท่อกากบาท)","Plastic Spout SM64 8.6mm HDPE (ท่อกากบาท)","จุกซอง | รับผลิต | OEM | โรงงาน","Spout Caps | OEM | manufacturer | supplier","filled","missing","filled","0","High","content_th | content_en | faq_items | focus_keyword_th | focus_keyword_en","สรุปจุดเด่น + วัสดุ/ขนาด + การใช้งาน + กลุ่มสินค้า/อุตสาหกรรมที่เหมาะ + CTA สอบถามราคา","Explain features, size/material, applications, suitable industries, and B2B enquiry angle"
"product","584","spout-sm02","https://168innovative.co.th/categories/spout/spout-sm02","https://168innovative.co.th/en/categories/spout/spout-sm02","spout","ฝาจุกติดซองพลาสติก SM02 ขนาด 8.6mm HDPE","Plastic Spout SM02 8.6mm HDPE","ฝาจุกติดซองพลาสติก SM02 ขนาด 8.6mm HDPE","Plastic Spout SM02 8.6mm HDPE","จุกซอง | รับผลิต | OEM | โรงงาน","Spout Caps | OEM | manufacturer | supplier","filled","missing","filled","0","High","content_th | content_en | faq_items | focus_keyword_th | focus_keyword_en","สรุปจุดเด่น + วัสดุ/ขนาด + การใช้งาน + กลุ่มสินค้า/อุตสาหกรรมที่เหมาะ + CTA สอบถามราคา","Explain features, size/material, applications, suitable industries, and B2B enquiry angle"
"product","583","spout-sm30","https://168innovative.co.th/categories/spout/spout-sm30","https://168innovative.co.th/en/categories/spout/spout-sm30","spout","ฝาจุกติดซองพลาสติก SM30 ขนาด 8.2mm HDPE","Plastic Spout SM30 8.2mm HDPE","ฝาจุกติดซองพลาสติก SM30 ขนาด 8.2mm HDPE","Plastic Spout SM30 8.2mm HDPE","จุกซอง | รับผลิต | OEM | โรงงาน","Spout Caps | OEM | manufacturer | supplier","filled","missing","filled","0","High","content_th | content_en | faq_items | focus_keyword_th | focus_keyword_en","สรุปจุดเด่น + วัสดุ/ขนาด + การใช้งาน + กลุ่มสินค้า/อุตสาหกรรมที่เหมาะ + CTA สอบถามราคา","Explain features, size/material, applications, suitable industries, and B2B enquiry angle"
"product","582","spout-sm29","https://168innovative.co.th/categories/spout/spout-sm29","https://168innovative.co.th/en/categories/spout/spout-sm29","spout","จุกพลาสติก SM29 ขนาด 8.2mm HDPE","Plastic Spout SM29 8.2mm HDPE","จุกพลาสติก SM29 ขนาด 8.2mm HDPE","Plastic Spout SM29 8.2mm HDPE","จุกซอง | รับผลิต | OEM | โรงงาน","Spout Caps | OEM | manufacturer | supplier","filled","missing","filled","0","High","content_th | content_en | faq_items | focus_keyword_th | focus_keyword_en","สรุปจุดเด่น + วัสดุ/ขนาด + การใช้งาน + กลุ่มสินค้า/อุตสาหกรรมที่เหมาะ + CTA สอบถามราคา","Explain features, size/material, applications, suitable industries, and B2B enquiry angle"
"product","581","spout-sm59","https://168innovative.co.th/categories/spout/spout-sm59","https://168innovative.co.th/en/categories/spout/spout-sm59","spout","จุกพลาสติก SM59 ขนาด 8.0mm HDPE","Plastic Spout SM59 8.0mm HDPE","จุกพลาสติก SM59 ขนาด 8.0mm HDPE","Plastic Spout SM59 8.0mm HDPE","จุกซอง | รับผลิต | OEM | โรงงาน","Spout Caps | OEM | manufacturer | supplier","filled","missing","filled","0","High","content_th | content_en | faq_items | focus_keyword_th | focus_keyword_en","สรุปจุดเด่น + วัสดุ/ขนาด + การใช้งาน + กลุ่มสินค้า/อุตสาหกรรมที่เหมาะ + CTA สอบถามราคา","Explain features, size/material, applications, suitable industries, and B2B enquiry angle"
"product","580","spout-sm55-d","https://168innovative.co.th/categories/spout/spout-sm55-d","https://168innovative.co.th/en/categories/spout/spout-sm55-d","spout","จุกพลาสติก SM55-D ขนาด 7.0mm HDPE (ลิปบรัชกันงัดแงะ)","Plastic Spout SM55-D 7.0mm HDPE (ลิปบรัชกันงัดแงะ)","จุกพลาสติก SM55-D ขนาด 7.0mm HDPE (ลิปบรัชกันงัดแงะ)","Plastic Spout SM55-D 7.0mm HDPE (ลิปบรัชกันงัดแงะ)","จุกซอง | รับผลิต | OEM | โรงงาน","Spout Caps | OEM | manufacturer | supplier","filled","missing","filled","0","High","content_th | content_en | faq_items | focus_keyword_th | focus_keyword_en","สรุปจุดเด่น + วัสดุ/ขนาด + การใช้งาน + กลุ่มสินค้า/อุตสาหกรรมที่เหมาะ + CTA สอบถามราคา","Explain features, size/material, applications, suitable industries, and B2B enquiry angle"
"product","579","spout-sm55-c","https://168innovative.co.th/categories/spout/spout-sm55-c","https://168innovative.co.th/en/categories/spout/spout-sm55-c","spout","จุกพลาสติก SM55-C ขนาด 7.0mm HDPE (อายไลเนอร์)","Plastic Spout SM55-C 7.0mm HDPE (อายไลเนอร์)","จุกพลาสติก SM55-C ขนาด 7.0mm HDPE (อายไลเนอร์)","Plastic Spout SM55-C 7.0mm HDPE (อายไลเนอร์)","จุกซอง | รับผลิต | OEM | โรงงาน","Spout Caps | OEM | manufacturer | supplier","filled","missing","filled","0","High","content_th | content_en | faq_items | focus_keyword_th | focus_keyword_en","สรุปจุดเด่น + วัสดุ/ขนาด + การใช้งาน + กลุ่มสินค้า/อุตสาหกรรมที่เหมาะ + CTA สอบถามราคา","Explain features, size/material, applications, suitable industries, and B2B enquiry angle"
"product","578","spout-sm55-b","https://168innovative.co.th/categories/spout/spout-sm55-b","https://168innovative.co.th/en/categories/spout/spout-sm55-b","spout","จุกพลาสติก SM55-B ขนาด 7.0mm HDPE (มาสคาร่าบรัช)","Plastic Spout SM55-B 7.0mm HDPE (มาสคาร่าบรัช)","จุกพลาสติก SM55-B ขนาด 7.0mm HDPE (มาสคาร่าบรัช)","Plastic Spout SM55-B 7.0mm HDPE (มาสคาร่าบรัช)","จุกซอง | รับผลิต | OEM | โรงงาน","Spout Caps | OEM | manufacturer | supplier","filled","missing","filled","0","High","content_th | content_en | faq_items | focus_keyword_th | focus_keyword_en","สรุปจุดเด่น + วัสดุ/ขนาด + การใช้งาน + กลุ่มสินค้า/อุตสาหกรรมที่เหมาะ + CTA สอบถามราคา","Explain features, size/material, applications, suitable industries, and B2B enquiry angle"
"product","577","spout-sm55-a","https://168innovative.co.th/categories/spout/spout-sm55-a","https://168innovative.co.th/en/categories/spout/spout-sm55-a","spout","จุกพลาสติก SM55-A ขนาด 7.0mm HDPE (ลิปบรัช)","Plastic Spout SM55-A 7.0mm HDPE (ลิปบรัช)","จุกพลาสติก SM55-A ขนาด 7.0mm HDPE (ลิปบรัช)","Plastic Spout SM55-A 7.0mm HDPE (ลิปบรัช)","จุกซอง | รับผลิต | OEM | โรงงาน","Spout Caps | OEM | manufacturer | supplier","filled","missing","filled","0","High","content_th | content_en | faq_items | focus_keyword_th | focus_keyword_en","สรุปจุดเด่น + วัสดุ/ขนาด + การใช้งาน + กลุ่มสินค้า/อุตสาหกรรมที่เหมาะ + CTA สอบถามราคา","Explain features, size/material, applications, suitable industries, and B2B enquiry angle"
"product","576","spout-sm66","https://168innovative.co.th/categories/spout/spout-sm66","https://168innovative.co.th/en/categories/spout/spout-sm66","spout","จุกพลาสติก SM66 ขนาด 7.0mm HDPE","Plastic Spout SM66 7.0mm HDPE","จุกพลาสติก SM66 ขนาด 7.0mm HDPE","Plastic Spout SM66 7.0mm HDPE","จุกซอง | รับผลิต | OEM | โรงงาน","Spout Caps | OEM | manufacturer | supplier","filled","missing","filled","0","High","content_th | content_en | faq_items | focus_keyword_th | focus_keyword_en","สรุปจุดเด่น + วัสดุ/ขนาด + การใช้งาน + กลุ่มสินค้า/อุตสาหกรรมที่เหมาะ + CTA สอบถามราคา","Explain features, size/material, applications, suitable industries, and B2B enquiry angle"
"product","575","spout-sm63","https://168innovative.co.th/categories/spout/spout-sm63","https://168innovative.co.th/en/categories/spout/spout-sm63","spout","จุกพลาสติก SM63 ขนาด 6.0mm HDPE","Plastic Spout SM63 6.0mm HDPE","จุกพลาสติก SM63 ขนาด 6.0mm HDPE","Plastic Spout SM63 6.0mm HDPE","จุกซอง | รับผลิต | OEM | โรงงาน","Spout Caps | OEM | manufacturer | supplier","filled","missing","filled","0","High","content_th | content_en | faq_items | focus_keyword_th | focus_keyword_en","สรุปจุดเด่น + วัสดุ/ขนาด + การใช้งาน + กลุ่มสินค้า/อุตสาหกรรมที่เหมาะ + CTA สอบถามราคา","Explain features, size/material, applications, suitable industries, and B2B enquiry angle"
"product","574","spout-sm26","https://168innovative.co.th/categories/spout/spout-sm26","https://168innovative.co.th/en/categories/spout/spout-sm26","spout","ฝาจุก ฝาจุกติดซองพลาสติก SM26 ขนาด 6.0mm HDPE","Plastic Spout SM26 6.0mm HDPE","ฝาจุก ฝาจุกติดซองพลาสติก SM26 ขนาด 6.0mm HDPE","Plastic Spout SM26 6.0mm HDPE","จุกซอง | รับผลิต | OEM | โรงงาน","Spout Caps | OEM | manufacturer | supplier","filled","missing","filled","0","High","content_th | content_en | faq_items | focus_keyword_th | focus_keyword_en","สรุปจุดเด่น + วัสดุ/ขนาด + การใช้งาน + กลุ่มสินค้า/อุตสาหกรรมที่เหมาะ + CTA สอบถามราคา","Explain features, size/material, applications, suitable industries, and B2B enquiry angle"
"product","573","spout-sm60","https://168innovative.co.th/categories/spout/spout-sm60","https://168innovative.co.th/en/categories/spout/spout-sm60","spout","ฝาจุกติดซองพลาสติก SM60 ขนาด 5.5mm HDPE","Plastic Spout SM60 5.5mm HDPE","ฝาจุกติดซองพลาสติก SM60 ขนาด 5.5mm HDPE","Plastic Spout SM60 5.5mm HDPE","จุกซอง | รับผลิต | OEM | โรงงาน","Spout Caps | OEM | manufacturer | supplier","filled","missing","filled","0","High","content_th | content_en | faq_items | focus_keyword_th | focus_keyword_en","สรุปจุดเด่น + วัสดุ/ขนาด + การใช้งาน + กลุ่มสินค้า/อุตสาหกรรมที่เหมาะ + CTA สอบถามราคา","Explain features, size/material, applications, suitable industries, and B2B enquiry angle"
"product","571","spout-sm27","https://168innovative.co.th/categories/spout/spout-sm27","https://168innovative.co.th/en/categories/spout/spout-sm27","spout","ฝาจุกติดซองพลาสติก SM27 ขนาด 5.0mm HDPE","Plastic Spout SM27 5.0mm HDPE","ฝาจุกติดซองพลาสติก SM27 ขนาด 5.0mm HDPE","Plastic Spout SM27 5.0mm HDPE","จุกซอง | รับผลิต | OEM | โรงงาน","Spout Caps | OEM | manufacturer | supplier","filled","missing","filled","0","High","content_th | content_en | faq_items | focus_keyword_th | focus_keyword_en","สรุปจุดเด่น + วัสดุ/ขนาด + การใช้งาน + กลุ่มสินค้า/อุตสาหกรรมที่เหมาะ + CTA สอบถามราคา","Explain features, size/material, applications, suitable industries, and B2B enquiry angle"
"product","570","spout-sm01","https://168innovative.co.th/categories/spout/spout-sm01","https://168innovative.co.th/en/categories/spout/spout-sm01","spout","ฝาจุกติดซองพลาสติก SM01 ขนาด 5.0mm HDPE","Plastic Spout SM01 5.0mm HDPE","ฝาจุกติดซองพลาสติก SM01 ขนาด 5.0mm HDPE","Plastic Spout SM01 5.0mm HDPE","จุกซอง | รับผลิต | OEM | โรงงาน","Spout Caps | OEM | manufacturer | supplier","filled","missing","filled","0","High","content_th | content_en | faq_items | focus_keyword_th | focus_keyword_en","สรุปจุดเด่น + วัสดุ/ขนาด + การใช้งาน + กลุ่มสินค้า/อุตสาหกรรมที่เหมาะ + CTA สอบถามราคา","Explain features, size/material, applications, suitable industries, and B2B enquiry angle"
"product","568","spout-sm24","https://168innovative.co.th/categories/spout/spout-sm24","https://168innovative.co.th/en/categories/spout/spout-sm24","spout","ฝาจุกติดซองพลาสติก ฝาจุก SM24 ขนาด 2.5mm HDPE","Plastic Spout SM24 2.5mm HDPE","ฝาจุกติดซองพลาสติก ฝาจุก SM24 ขนาด 2.5mm HDPE","Plastic Spout SM24 2.5mm HDPE","จุกซอง | รับผลิต | OEM | โรงงาน","Spout Caps | OEM | manufacturer | supplier","filled","missing","filled","0","High","content_th | content_en | faq_items | focus_keyword_th | focus_keyword_en","สรุปจุดเด่น + วัสดุ/ขนาด + การใช้งาน + กลุ่มสินค้า/อุตสาหกรรมที่เหมาะ + CTA สอบถามราคา","Explain features, size/material, applications, suitable industries, and B2B enquiry angle"
"product","529","lipgloss-tube-w155-h99-9ml","https://168innovative.co.th/categories/lipstick-packaging/lipgloss-tube-w155-h99-9ml","https://168innovative.co.th/en/categories/lipstick-packaging/lipgloss-tube-w155-h99-9ml","lipstick-packaging","หลอดลิปกลอส ทรงสี่เหลี่ยม สีชมพู ขนาด 9ml","Lipgloss Tube Square Pink 9ml","หลอดลิปกลอส ทรงสี่เหลี่ยม สีชมพู ขนาด 9ml","Lipgloss Tube Square Pink 9ml","แพ็กเกจลิปสติก | รับผลิต | OEM | โรงงาน","Lipstick Packaging | OEM | manufacturer | supplier","filled","missing","missing","0","High","content_th | content_en | application_th | application_en | faq_items | focus_keyword_th | focus_keyword_en","สรุปจุดเด่น + วัสดุ/ขนาด + การใช้งาน + กลุ่มสินค้า/อุตสาหกรรมที่เหมาะ + CTA สอบถามราคา","Explain features, size/material, applications, suitable industries, and B2B enquiry angle"
"product","516","plastic-rail-77-length","https://168innovative.co.th/categories/plastic-handle/plastic-rail-77-length","https://168innovative.co.th/en/categories/plastic-handle/plastic-rail-77-length","plastic-handle","รางพลาสติกความยาว 77 สำหรับบรรจุภัณฑ์","Plastic Rail 77 Length","รางพลาสติกความยาว 77 สำหรับบรรจุภัณฑ์","Plastic Rail 77 Length","ที่จับพลาสติก | รับผลิต | OEM | โรงงาน","Plastic Handle | OEM | manufacturer | supplier","filled","missing","filled","0","High","content_th | content_en | faq_items | focus_keyword_th | focus_keyword_en","สรุปจุดเด่น + วัสดุ/ขนาด + การใช้งาน + กลุ่มสินค้า/อุตสาหกรรมที่เหมาะ + CTA สอบถามราคา","Explain features, size/material, applications, suitable industries, and B2B enquiry angle"
"product","515","plastic-rail-b","https://168innovative.co.th/categories/plastic-handle/plastic-rail-b","https://168innovative.co.th/en/categories/plastic-handle/plastic-rail-b","plastic-handle","รางพลาสติก B สำหรับบรรจุภัณฑ์","Plastic Rail B","รางพลาสติก B สำหรับบรรจุภัณฑ์","Plastic Rail B","ที่จับพลาสติก | รับผลิต | OEM | โรงงาน","Plastic Handle | OEM | manufacturer | supplier","filled","missing","filled","0","High","content_th | content_en | faq_items | focus_keyword_th | focus_keyword_en","สรุปจุดเด่น + วัสดุ/ขนาด + การใช้งาน + กลุ่มสินค้า/อุตสาหกรรมที่เหมาะ + CTA สอบถามราคา","Explain features, size/material, applications, suitable industries, and B2B enquiry angle"
"product","514","plastic-handle-s","https://168innovative.co.th/categories/plastic-handle/plastic-handle-s","https://168innovative.co.th/en/categories/plastic-handle/plastic-handle-s","plastic-handle","หูหิ้วพลาสติกขนาดเล็ก S","Plastic Handle S","หูหิ้วพลาสติกขนาดเล็ก S","Plastic Handle S","ที่จับพลาสติก | รับผลิต | OEM | โรงงาน","Plastic Handle | OEM | manufacturer | supplier","filled","missing","filled","0","High","content_th | content_en | faq_items | focus_keyword_th | focus_keyword_en","สรุปจุดเด่น + วัสดุ/ขนาด + การใช้งาน + กลุ่มสินค้า/อุตสาหกรรมที่เหมาะ + CTA สอบถามราคา","Explain features, size/material, applications, suitable industries, and B2B enquiry angle"
"product","513","plastic-handle-m","https://168innovative.co.th/categories/plastic-handle/plastic-handle-m","https://168innovative.co.th/en/categories/plastic-handle/plastic-handle-m","plastic-handle","หูหิ้วพลาสติกขนาดกลาง M","Plastic Handle M","หูหิ้วพลาสติกขนาดกลาง M","Plastic Handle M","ที่จับพลาสติก | รับผลิต | OEM | โรงงาน","Plastic Handle | OEM | manufacturer | supplier","filled","missing","filled","0","High","content_th | content_en | faq_items | focus_keyword_th | focus_keyword_en","สรุปจุดเด่น + วัสดุ/ขนาด + การใช้งาน + กลุ่มสินค้า/อุตสาหกรรมที่เหมาะ + CTA สอบถามราคา","Explain features, size/material, applications, suitable industries, and B2B enquiry angle"
"product","512","coffee-bag-valve-hl400-40mm","https://168innovative.co.th/categories/spout/coffee-bag-valve-hl400-40mm","https://168innovative.co.th/en/categories/spout/coffee-bag-valve-hl400-40mm","spout","วาล์วถุงกาแฟ HL400 ขนาด 40 มม.","Coffee Bag Valve HL400 40mm","วาล์วถุงกาแฟ HL400 ขนาด 40 มม.","Coffee Bag Valve HL400 40mm","จุกซอง | รับผลิต | OEM | โรงงาน","Spout Caps | OEM | manufacturer | supplier","filled","missing","filled","0","High","content_th | content_en | faq_items | focus_keyword_th | focus_keyword_en","สรุปจุดเด่น + วัสดุ/ขนาด + การใช้งาน + กลุ่มสินค้า/อุตสาหกรรมที่เหมาะ + CTA สอบถามราคา","Explain features, size/material, applications, suitable industries, and B2B enquiry angle"
"product","511","plastic-spout-hl260-26mm","https://168innovative.co.th/categories/spout/plastic-spout-hl260-26mm","https://168innovative.co.th/en/categories/spout/plastic-spout-hl260-26mm","spout","จุกพลาสติก HL260 ขนาด 26 มม.","Plastic Spout HL260 26mm","จุกพลาสติก HL260 ขนาด 26 มม.","Plastic Spout HL260 26mm","จุกซอง | รับผลิต | OEM | โรงงาน","Spout Caps | OEM | manufacturer | supplier","filled","missing","filled","0","High","content_th | content_en | faq_items | focus_keyword_th | focus_keyword_en","สรุปจุดเด่น + วัสดุ/ขนาด + การใช้งาน + กลุ่มสินค้า/อุตสาหกรรมที่เหมาะ + CTA สอบถามราคา","Explain features, size/material, applications, suitable industries, and B2B enquiry angle"
"product","510","plastic-spout-hl330-33mm","https://168innovative.co.th/categories/spout/plastic-spout-hl330-33mm","https://168innovative.co.th/en/categories/spout/plastic-spout-hl330-33mm","spout","จุกพลาสติก HL330 ขนาด 33 มม.","Plastic Spout HL330 33mm","จุกพลาสติก HL330 ขนาด 33 มม.","Plastic Spout HL330 33mm","จุกซอง | รับผลิต | OEM | โรงงาน","Spout Caps | OEM | manufacturer | supplier","filled","missing","filled","0","High","content_th | content_en | faq_items | focus_keyword_th | focus_keyword_en","สรุปจุดเด่น + วัสดุ/ขนาด + การใช้งาน + กลุ่มสินค้า/อุตสาหกรรมที่เหมาะ + CTA สอบถามราคา","Explain features, size/material, applications, suitable industries, and B2B enquiry angle"
"product","509","plastic-spout-hl220-22mm","https://168innovative.co.th/categories/spout/plastic-spout-hl220-22mm","https://168innovative.co.th/en/categories/spout/plastic-spout-hl220-22mm","spout","จุกพลาสติก HL220 ขนาด 22 มม.","Plastic Spout HL220 22mm","จุกพลาสติก HL220 ขนาด 22 มม.","Plastic Spout HL220 22mm","จุกซอง | รับผลิต | OEM | โรงงาน","Spout Caps | OEM | manufacturer | supplier","filled","missing","filled","0","High","content_th | content_en | faq_items | focus_keyword_th | focus_keyword_en","สรุปจุดเด่น + วัสดุ/ขนาด + การใช้งาน + กลุ่มสินค้า/อุตสาหกรรมที่เหมาะ + CTA สอบถามราคา","Explain features, size/material, applications, suitable industries, and B2B enquiry angle"
"product","508","plastic-spout-hl220-set-22mm","https://168innovative.co.th/categories/spout/plastic-spout-hl220-set-22mm","https://168innovative.co.th/en/categories/spout/plastic-spout-hl220-set-22mm","spout","จุกพลาสติก HL220 SET ขนาด 22 มม. PE PP","Plastic Spout HL220 SET 22mm PE PP","จุกพลาสติก HL220 SET ขนาด 22 มม. PE PP","Plastic Spout HL220 SET 22mm PE PP","จุกซอง | รับผลิต | OEM | โรงงาน","Spout Caps | OEM | manufacturer | supplier","filled","missing","filled","0","High","content_th | content_en | faq_items | focus_keyword_th | focus_keyword_en","สรุปจุดเด่น + วัสดุ/ขนาด + การใช้งาน + กลุ่มสินค้า/อุตสาหกรรมที่เหมาะ + CTA สอบถามราคา","Explain features, size/material, applications, suitable industries, and B2B enquiry angle"
"product","507","plastic-spout-hl220-1-22mm","https://168innovative.co.th/categories/spout/plastic-spout-hl220-1-22mm","https://168innovative.co.th/en/categories/spout/plastic-spout-hl220-1-22mm","spout","จุกพลาสติก HL220-1 ขนาด 22 มม.","Plastic Spout HL220-1 22mm","จุกพลาสติก HL220-1 ขนาด 22 มม.","Plastic Spout HL220-1 22mm","จุกซอง | รับผลิต | OEM | โรงงาน","Spout Caps | OEM | manufacturer | supplier","filled","missing","filled","0","High","content_th | content_en | faq_items | focus_keyword_th | focus_keyword_en","สรุปจุดเด่น + วัสดุ/ขนาด + การใช้งาน + กลุ่มสินค้า/อุตสาหกรรมที่เหมาะ + CTA สอบถามราคา","Explain features, size/material, applications, suitable industries, and B2B enquiry angle"
"product","506","plastic-spout-hl220d-22mm","https://168innovative.co.th/categories/spout/plastic-spout-hl220d-22mm","https://168innovative.co.th/en/categories/spout/plastic-spout-hl220d-22mm","spout","จุกพลาสติก HL220D ขนาด 22 มม.","Plastic Spout HL220D 22mm","จุกพลาสติก HL220D ขนาด 22 มม.","Plastic Spout HL220D 22mm","จุกซอง | รับผลิต | OEM | โรงงาน","Spout Caps | OEM | manufacturer | supplier","filled","missing","filled","0","High","content_th | content_en | faq_items | focus_keyword_th | focus_keyword_en","สรุปจุดเด่น + วัสดุ/ขนาด + การใช้งาน + กลุ่มสินค้า/อุตสาหกรรมที่เหมาะ + CTA สอบถามราคา","Explain features, size/material, applications, suitable industries, and B2B enquiry angle"
"product","505","plastic-spout-hl200-20mm","https://168innovative.co.th/categories/spout/plastic-spout-hl200-20mm","https://168innovative.co.th/en/categories/spout/plastic-spout-hl200-20mm","spout","จุกพลาสติก HL200 ขนาด 20 มม.","Plastic Spout HL200 20mm","จุกพลาสติก HL200 ขนาด 20 มม.","Plastic Spout HL200 20mm","จุกซอง | รับผลิต | OEM | โรงงาน","Spout Caps | OEM | manufacturer | supplier","filled","missing","filled","0","High","content_th | content_en | faq_items | focus_keyword_th | focus_keyword_en","สรุปจุดเด่น + วัสดุ/ขนาด + การใช้งาน + กลุ่มสินค้า/อุตสาหกรรมที่เหมาะ + CTA สอบถามราคา","Explain features, size/material, applications, suitable industries, and B2B enquiry angle"
"product","504","plastic-spout-hl200d-20mm","https://168innovative.co.th/categories/spout/plastic-spout-hl200d-20mm","https://168innovative.co.th/en/categories/spout/plastic-spout-hl200d-20mm","spout","จุกพลาสติก HL200d ขนาด 20 มม. PE PP","Plastic Spout HL200d 20mm PE PP","จุกพลาสติก HL200d ขนาด 20 มม. PE PP","Plastic Spout HL200d 20mm PE PP","จุกซอง | รับผลิต | OEM | โรงงาน","Spout Caps | OEM | manufacturer | supplier","filled","missing","filled","0","High","content_th | content_en | faq_items | focus_keyword_th | focus_keyword_en","สรุปจุดเด่น + วัสดุ/ขนาด + การใช้งาน + กลุ่มสินค้า/อุตสาหกรรมที่เหมาะ + CTA สอบถามราคา","Explain features, size/material, applications, suitable industries, and B2B enquiry angle"
"product","503","plastic-spout-hl160d-16mm","https://168innovative.co.th/categories/spout/plastic-spout-hl160d-16mm","https://168innovative.co.th/en/categories/spout/plastic-spout-hl160d-16mm","spout","จุกพลาสติก HL160D ขนาด 16 มม.","Plastic Spout HL160D 16mm","จุกพลาสติก HL160D ขนาด 16 มม.","Plastic Spout HL160D 16mm","จุกซอง | รับผลิต | OEM | โรงงาน","Spout Caps | OEM | manufacturer | supplier","filled","missing","filled","0","High","content_th | content_en | faq_items | focus_keyword_th | focus_keyword_en","สรุปจุดเด่น + วัสดุ/ขนาด + การใช้งาน + กลุ่มสินค้า/อุตสาหกรรมที่เหมาะ + CTA สอบถามราคา","Explain features, size/material, applications, suitable industries, and B2B enquiry angle"
"product","502","plastic-spout-hl160w-16mm","https://168innovative.co.th/categories/spout/plastic-spout-hl160w-16mm","https://168innovative.co.th/en/categories/spout/plastic-spout-hl160w-16mm","spout","จุกพลาสติก HL160W ขนาด 16 มม.","Plastic Spout HL160W 16mm","จุกพลาสติก HL160W ขนาด 16 มม.","Plastic Spout HL160W 16mm","จุกซอง | รับผลิต | OEM | โรงงาน","Spout Caps | OEM | manufacturer | supplier","filled","missing","filled","0","High","content_th | content_en | faq_items | focus_keyword_th | focus_keyword_en","สรุปจุดเด่น + วัสดุ/ขนาด + การใช้งาน + กลุ่มสินค้า/อุตสาหกรรมที่เหมาะ + CTA สอบถามราคา","Explain features, size/material, applications, suitable industries, and B2B enquiry angle"
"product","501","plastic-spout-hl160d-1-16mm","https://168innovative.co.th/categories/spout/plastic-spout-hl160d-1-16mm","https://168innovative.co.th/en/categories/spout/plastic-spout-hl160d-1-16mm","spout","จุกพลาสติก HL160D-1 ขนาด 16 มม. PE PP","Plastic Spout HL160D-1 16mm PE PP","จุกพลาสติก HL160D-1 ขนาด 16 มม. PE PP","Plastic Spout HL160D-1 16mm PE PP","จุกซอง | รับผลิต | OEM | โรงงาน","Spout Caps | OEM | manufacturer | supplier","filled","missing","filled","0","High","content_th | content_en | faq_items | focus_keyword_th | focus_keyword_en","สรุปจุดเด่น + วัสดุ/ขนาด + การใช้งาน + กลุ่มสินค้า/อุตสาหกรรมที่เหมาะ + CTA สอบถามราคา","Explain features, size/material, applications, suitable industries, and B2B enquiry angle"
"product","500","plastic-spout-hl150d-15mm","https://168innovative.co.th/categories/spout/plastic-spout-hl150d-15mm","https://168innovative.co.th/en/categories/spout/plastic-spout-hl150d-15mm","spout","จุกพลาสติก HL150D ขนาด 15 มม.","Plastic Spout HL150D 15mm","จุกพลาสติก HL150D ขนาด 15 มม.","Plastic Spout HL150D 15mm","จุกซอง | รับผลิต | OEM | โรงงาน","Spout Caps | OEM | manufacturer | supplier","filled","missing","filled","0","High","content_th | content_en | faq_items | focus_keyword_th | focus_keyword_en","สรุปจุดเด่น + วัสดุ/ขนาด + การใช้งาน + กลุ่มสินค้า/อุตสาหกรรมที่เหมาะ + CTA สอบถามราคา","Explain features, size/material, applications, suitable industries, and B2B enquiry angle"
"product","499","plastic-spout-hl150w-15mm","https://168innovative.co.th/categories/spout/plastic-spout-hl150w-15mm","https://168innovative.co.th/en/categories/spout/plastic-spout-hl150w-15mm","spout","จุกพลาสติก HL150W ขนาด 15 มม.","Plastic Spout HL150W 15mm","จุกพลาสติก HL150W ขนาด 15 มม.","Plastic Spout HL150W 15mm","จุกซอง | รับผลิต | OEM | โรงงาน","Spout Caps | OEM | manufacturer | supplier","filled","missing","filled","0","High","content_th | content_en | faq_items | focus_keyword_th | focus_keyword_en","สรุปจุดเด่น + วัสดุ/ขนาด + การใช้งาน + กลุ่มสินค้า/อุตสาหกรรมที่เหมาะ + CTA สอบถามราคา","Explain features, size/material, applications, suitable industries, and B2B enquiry angle"
"product","498","plastic-spout-hl150f-15mm","https://168innovative.co.th/categories/spout/plastic-spout-hl150f-15mm","https://168innovative.co.th/en/categories/spout/plastic-spout-hl150f-15mm","spout","จุกพลาสติก HL150F ขนาด 15 มม.","Plastic Spout HL150F 15mm","จุกพลาสติก HL150F ขนาด 15 มม.","Plastic Spout HL150F 15mm","จุกซอง | รับผลิต | OEM | โรงงาน","Spout Caps | OEM | manufacturer | supplier","filled","missing","filled","0","High","content_th | content_en | faq_items | focus_keyword_th | focus_keyword_en","สรุปจุดเด่น + วัสดุ/ขนาด + การใช้งาน + กลุ่มสินค้า/อุตสาหกรรมที่เหมาะ + CTA สอบถามราคา","Explain features, size/material, applications, suitable industries, and B2B enquiry angle"
"product","497","plastic-spout-hl140-14mm","https://168innovative.co.th/categories/spout/plastic-spout-hl140-14mm","https://168innovative.co.th/en/categories/spout/plastic-spout-hl140-14mm","spout","จุกพลาสติก HL140 ขนาด 14 มม.","Plastic Spout HL140 14mm","จุกพลาสติก HL140 ขนาด 14 มม.","Plastic Spout HL140 14mm","จุกซอง | รับผลิต | OEM | โรงงาน","Spout Caps | OEM | manufacturer | supplier","filled","missing","filled","0","High","content_th | content_en | faq_items | focus_keyword_th | focus_keyword_en","สรุปจุดเด่น + วัสดุ/ขนาด + การใช้งาน + กลุ่มสินค้า/อุตสาหกรรมที่เหมาะ + CTA สอบถามราคา","Explain features, size/material, applications, suitable industries, and B2B enquiry angle"
"product","496","plastic-spout-hl140j-14mm","https://168innovative.co.th/categories/spout/plastic-spout-hl140j-14mm","https://168innovative.co.th/en/categories/spout/plastic-spout-hl140j-14mm","spout","จุกพลาสติก HL140J ขนาด 14 มม.","Plastic Spout HL140J 14mm","จุกพลาสติก HL140J ขนาด 14 มม.","Plastic Spout HL140J 14mm","จุกซอง | รับผลิต | OEM | โรงงาน","Spout Caps | OEM | manufacturer | supplier","filled","missing","filled","0","High","content_th | content_en | faq_items | focus_keyword_th | focus_keyword_en","สรุปจุดเด่น + วัสดุ/ขนาด + การใช้งาน + กลุ่มสินค้า/อุตสาหกรรมที่เหมาะ + CTA สอบถามราคา","Explain features, size/material, applications, suitable industries, and B2B enquiry angle"
"product","495","plastic-spout-hl130d-13mm","https://168innovative.co.th/categories/spout/plastic-spout-hl130d-13mm","https://168innovative.co.th/en/categories/spout/plastic-spout-hl130d-13mm","spout","จุกพลาสติก HL130D ขนาด 13 มม.","Plastic Spout HL130D 13mm","จุกพลาสติก HL130D ขนาด 13 มม.","Plastic Spout HL130D 13mm","จุกซอง | รับผลิต | OEM | โรงงาน","Spout Caps | OEM | manufacturer | supplier","filled","missing","filled","0","High","content_th | content_en | faq_items | focus_keyword_th | focus_keyword_en","สรุปจุดเด่น + วัสดุ/ขนาด + การใช้งาน + กลุ่มสินค้า/อุตสาหกรรมที่เหมาะ + CTA สอบถามราคา","Explain features, size/material, applications, suitable industries, and B2B enquiry angle"
"product","494","plastic-spout-hl130w-13mm","https://168innovative.co.th/categories/spout/plastic-spout-hl130w-13mm","https://168innovative.co.th/en/categories/spout/plastic-spout-hl130w-13mm","spout","จุกพลาสติก HL130W ขนาด 13 มม.","Plastic Spout HL130W 13mm","จุกพลาสติก HL130W ขนาด 13 มม.","Plastic Spout HL130W 13mm","จุกซอง | รับผลิต | OEM | โรงงาน","Spout Caps | OEM | manufacturer | supplier","filled","missing","filled","0","High","content_th | content_en | faq_items | focus_keyword_th | focus_keyword_en","สรุปจุดเด่น + วัสดุ/ขนาด + การใช้งาน + กลุ่มสินค้า/อุตสาหกรรมที่เหมาะ + CTA สอบถามราคา","Explain features, size/material, applications, suitable industries, and B2B enquiry angle"
"product","493","plastic-spout-hl100w-10mm","https://168innovative.co.th/categories/spout/plastic-spout-hl100w-10mm","https://168innovative.co.th/en/categories/spout/plastic-spout-hl100w-10mm","spout","จุกพลาสติก HL100W ขนาด 10 มม.","Plastic Spout HL100W 10mm","จุกพลาสติก HL100W ขนาด 10 มม.","Plastic Spout HL100W 10mm","จุกซอง | รับผลิต | OEM | โรงงาน","Spout Caps | OEM | manufacturer | supplier","filled","missing","filled","0","High","content_th | content_en | faq_items | focus_keyword_th | focus_keyword_en","สรุปจุดเด่น + วัสดุ/ขนาด + การใช้งาน + กลุ่มสินค้า/อุตสาหกรรมที่เหมาะ + CTA สอบถามราคา","Explain features, size/material, applications, suitable industries, and B2B enquiry angle"
"product","492","plastic-spout-hl100sm-10mm","https://168innovative.co.th/categories/spout/plastic-spout-hl100sm-10mm","https://168innovative.co.th/en/categories/spout/plastic-spout-hl100sm-10mm","spout","จุกพลาสติก HL100SM ขนาด 10 มม.","Plastic Spout HL100SM 10mm","จุกพลาสติก HL100SM ขนาด 10 มม.","Plastic Spout HL100SM 10mm","จุกซอง | รับผลิต | OEM | โรงงาน","Spout Caps | OEM | manufacturer | supplier","filled","missing","filled","0","High","content_th | content_en | faq_items | focus_keyword_th | focus_keyword_en","สรุปจุดเด่น + วัสดุ/ขนาด + การใช้งาน + กลุ่มสินค้า/อุตสาหกรรมที่เหมาะ + CTA สอบถามราคา","Explain features, size/material, applications, suitable industries, and B2B enquiry angle"
"product","491","plastic-spout-hl100sl-10mm","https://168innovative.co.th/categories/spout/plastic-spout-hl100sl-10mm","https://168innovative.co.th/en/categories/spout/plastic-spout-hl100sl-10mm","spout","จุกพลาสติก HL100SL ขนาด 10 มม.","Plastic Spout HL100SL 10mm","จุกพลาสติก HL100SL ขนาด 10 มม.","Plastic Spout HL100SL 10mm","จุกซอง | รับผลิต | OEM | โรงงาน","Spout Caps | OEM | manufacturer | supplier","filled","missing","filled","0","High","content_th | content_en | faq_items | focus_keyword_th | focus_keyword_en","สรุปจุดเด่น + วัสดุ/ขนาด + การใช้งาน + กลุ่มสินค้า/อุตสาหกรรมที่เหมาะ + CTA สอบถามราคา","Explain features, size/material, applications, suitable industries, and B2B enquiry angle"
"product","490","plastic-spout-hl100s-10mm","https://168innovative.co.th/categories/spout/plastic-spout-hl100s-10mm","https://168innovative.co.th/en/categories/spout/plastic-spout-hl100s-10mm","spout","จุกพลาสติก HL100S ขนาด 10 มม. PE PP","Plastic Spout HL100S 10mm PE PP","จุกพลาสติก HL100S ขนาด 10 มม. PE PP","Plastic Spout HL100S 10mm PE PP","จุกซอง | รับผลิต | OEM | โรงงาน","Spout Caps | OEM | manufacturer | supplier","filled","missing","filled","0","High","content_th | content_en | faq_items | focus_keyword_th | focus_keyword_en","สรุปจุดเด่น + วัสดุ/ขนาด + การใช้งาน + กลุ่มสินค้า/อุตสาหกรรมที่เหมาะ + CTA สอบถามราคา","Explain features, size/material, applications, suitable industries, and B2B enquiry angle"
"product","489","plastic-spout-hl096f-9-6mm","https://168innovative.co.th/categories/spout/plastic-spout-hl096f-9-6mm","https://168innovative.co.th/en/categories/spout/plastic-spout-hl096f-9-6mm","spout","จุกพลาสติก HL096F ขนาด 9.6 มม.","Plastic Spout HL096F 9.6mm","จุกพลาสติก HL096F ขนาด 9.6 มม.","Plastic Spout HL096F 9.6mm","จุกซอง | รับผลิต | OEM | โรงงาน","Spout Caps | OEM | manufacturer | supplier","filled","missing","filled","0","High","content_th | content_en | faq_items | focus_keyword_th | focus_keyword_en","สรุปจุดเด่น + วัสดุ/ขนาด + การใช้งาน + กลุ่มสินค้า/อุตสาหกรรมที่เหมาะ + CTA สอบถามราคา","Explain features, size/material, applications, suitable industries, and B2B enquiry angle"
"product","488","plastic-spout-hl096d-9-6mm","https://168innovative.co.th/categories/spout/plastic-spout-hl096d-9-6mm","https://168innovative.co.th/en/categories/spout/plastic-spout-hl096d-9-6mm","spout","จุกพลาสติก HL096D ขนาด 9.6 มม.","Plastic Spout HL096D 9.6mm","จุกพลาสติก HL096D ขนาด 9.6 มม.","Plastic Spout HL096D 9.6mm","จุกซอง | รับผลิต | OEM | โรงงาน","Spout Caps | OEM | manufacturer | supplier","filled","missing","filled","0","High","content_th | content_en | faq_items | focus_keyword_th | focus_keyword_en","สรุปจุดเด่น + วัสดุ/ขนาด + การใช้งาน + กลุ่มสินค้า/อุตสาหกรรมที่เหมาะ + CTA สอบถามราคา","Explain features, size/material, applications, suitable industries, and B2B enquiry angle"
"product","487","plastic-spout-hl096-9-6mm","https://168innovative.co.th/categories/spout/plastic-spout-hl096-9-6mm","https://168innovative.co.th/en/categories/spout/plastic-spout-hl096-9-6mm","spout","จุกพลาสติก HL096 ขนาด 9.6 มม.","Plastic Spout HL096 9.6mm","จุกพลาสติก HL096 ขนาด 9.6 มม.","Plastic Spout HL096 9.6mm","จุกซอง | รับผลิต | OEM | โรงงาน","Spout Caps | OEM | manufacturer | supplier","filled","missing","filled","0","High","content_th | content_en | faq_items | focus_keyword_th | focus_keyword_en","สรุปจุดเด่น + วัสดุ/ขนาด + การใช้งาน + กลุ่มสินค้า/อุตสาหกรรมที่เหมาะ + CTA สอบถามราคา","Explain features, size/material, applications, suitable industries, and B2B enquiry angle"
"product","486","plastic-spout-hl086dl-8-6mm-ldpe","https://168innovative.co.th/categories/spout/plastic-spout-hl086dl-8-6mm-ldpe","https://168innovative.co.th/en/categories/spout/plastic-spout-hl086dl-8-6mm-ldpe","spout","จุกพลาสติก HL086DL ขนาด 8.6 มม. LDPE","Plastic Spout HL086DL 8.6mm LDPE","จุกพลาสติก HL086DL ขนาด 8.6 มม. LDPE","Plastic Spout HL086DL 8.6mm LDPE","จุกซอง | รับผลิต | OEM | โรงงาน","Spout Caps | OEM | manufacturer | supplier","filled","missing","filled","0","High","content_th | content_en | faq_items | focus_keyword_th | focus_keyword_en","สรุปจุดเด่น + วัสดุ/ขนาด + การใช้งาน + กลุ่มสินค้า/อุตสาหกรรมที่เหมาะ + CTA สอบถามราคา","Explain features, size/material, applications, suitable industries, and B2B enquiry angle"
"product","485","plastic-spout-hl086m-8-6mm","https://168innovative.co.th/categories/spout/plastic-spout-hl086m-8-6mm","https://168innovative.co.th/en/categories/spout/plastic-spout-hl086m-8-6mm","spout","จุกพลาสติก HL086M ขนาด 8.6 มม.","Plastic Spout HL086M 8.6mm","จุกพลาสติก HL086M ขนาด 8.6 มม.","Plastic Spout HL086M 8.6mm","จุกซอง | รับผลิต | OEM | โรงงาน","Spout Caps | OEM | manufacturer | supplier","filled","missing","filled","0","High","content_th | content_en | faq_items | focus_keyword_th | focus_keyword_en","สรุปจุดเด่น + วัสดุ/ขนาด + การใช้งาน + กลุ่มสินค้า/อุตสาหกรรมที่เหมาะ + CTA สอบถามราคา","Explain features, size/material, applications, suitable industries, and B2B enquiry angle"
"product","484","plastic-spout-hl086d-8-6mm","https://168innovative.co.th/categories/spout/plastic-spout-hl086d-8-6mm","https://168innovative.co.th/en/categories/spout/plastic-spout-hl086d-8-6mm","spout","จุกพลาสติก HL086D ขนาด 8.6 มม.","Plastic Spout HL086D 8.6mm","จุกพลาสติก HL086D ขนาด 8.6 มม.","Plastic Spout HL086D 8.6mm","จุกซอง | รับผลิต | OEM | โรงงาน","Spout Caps | OEM | manufacturer | supplier","filled","missing","filled","0","High","content_th | content_en | faq_items | focus_keyword_th | focus_keyword_en","สรุปจุดเด่น + วัสดุ/ขนาด + การใช้งาน + กลุ่มสินค้า/อุตสาหกรรมที่เหมาะ + CTA สอบถามราคา","Explain features, size/material, applications, suitable industries, and B2B enquiry angle"
"product","483","plastic-spout-hl086s-8-6mm","https://168innovative.co.th/categories/spout/plastic-spout-hl086s-8-6mm","https://168innovative.co.th/en/categories/spout/plastic-spout-hl086s-8-6mm","spout","จุกพลาสติก HL086S ขนาด 8.6 มม. PE PP","Plastic Spout HL086S 8.6mm PE PP","จุกพลาสติก HL086S ขนาด 8.6 มม. PE PP","Plastic Spout HL086S 8.6mm PE PP","จุกซอง | รับผลิต | OEM | โรงงาน","Spout Caps | OEM | manufacturer | supplier","filled","missing","filled","0","High","content_th | content_en | faq_items | focus_keyword_th | focus_keyword_en","สรุปจุดเด่น + วัสดุ/ขนาด + การใช้งาน + กลุ่มสินค้า/อุตสาหกรรมที่เหมาะ + CTA สอบถามราคา","Explain features, size/material, applications, suitable industries, and B2B enquiry angle"
"product","482","plastic-spout-rd124-8-6mm","https://168innovative.co.th/categories/spout/plastic-spout-rd124-8-6mm","https://168innovative.co.th/en/categories/spout/plastic-spout-rd124-8-6mm","spout","จุกพลาสติก RD124 ขนาด 8.6 มม. PE PP","Plastic Spout RD124 8.6mm PE PP","จุกพลาสติก RD124 ขนาด 8.6 มม. PE PP","Plastic Spout RD124 8.6mm PE PP","จุกซอง | รับผลิต | OEM | โรงงาน","Spout Caps | OEM | manufacturer | supplier","filled","missing","filled","0","High","content_th | content_en | faq_items | focus_keyword_th | focus_keyword_en","สรุปจุดเด่น + วัสดุ/ขนาด + การใช้งาน + กลุ่มสินค้า/อุตสาหกรรมที่เหมาะ + CTA สอบถามราคา","Explain features, size/material, applications, suitable industries, and B2B enquiry angle"
"product","481","plastic-spout-hl086h-8-6mm","https://168innovative.co.th/categories/spout/plastic-spout-hl086h-8-6mm","https://168innovative.co.th/en/categories/spout/plastic-spout-hl086h-8-6mm","spout","จุกพลาสติก HL086H ขนาด 8.6 มม.","Plastic Spout HL086H 8.6mm","จุกพลาสติก HL086H ขนาด 8.6 มม.","Plastic Spout HL086H 8.6mm","จุกซอง | รับผลิต | OEM | โรงงาน","Spout Caps | OEM | manufacturer | supplier","filled","missing","filled","0","High","content_th | content_en | faq_items | focus_keyword_th | focus_keyword_en","สรุปจุดเด่น + วัสดุ/ขนาด + การใช้งาน + กลุ่มสินค้า/อุตสาหกรรมที่เหมาะ + CTA สอบถามราคา","Explain features, size/material, applications, suitable industries, and B2B enquiry angle"
"product","480","plastic-spout-hl086p-8-6mm","https://168innovative.co.th/categories/spout/plastic-spout-hl086p-8-6mm","https://168innovative.co.th/en/categories/spout/plastic-spout-hl086p-8-6mm","spout","จุกพลาสติก HL086P ขนาด 8.6 มม.","Plastic Spout HL086P 8.6mm","จุกพลาสติก HL086P ขนาด 8.6 มม.","Plastic Spout HL086P 8.6mm","จุกซอง | รับผลิต | OEM | โรงงาน","Spout Caps | OEM | manufacturer | supplier","filled","missing","filled","0","High","content_th | content_en | faq_items | focus_keyword_th | focus_keyword_en","สรุปจุดเด่น + วัสดุ/ขนาด + การใช้งาน + กลุ่มสินค้า/อุตสาหกรรมที่เหมาะ + CTA สอบถามราคา","Explain features, size/material, applications, suitable industries, and B2B enquiry angle"
"product","479","plastic-spout-hl082d-8-2mm","https://168innovative.co.th/categories/spout/plastic-spout-hl082d-8-2mm","https://168innovative.co.th/en/categories/spout/plastic-spout-hl082d-8-2mm","spout","จุกพลาสติก HL082D ขนาด 8.2 มม.","Plastic Spout HL082D 8.2mm","จุกพลาสติก HL082D ขนาด 8.2 มม.","Plastic Spout HL082D 8.2mm","จุกซอง | รับผลิต | OEM | โรงงาน","Spout Caps | OEM | manufacturer | supplier","filled","missing","filled","0","High","content_th | content_en | faq_items | focus_keyword_th | focus_keyword_en","สรุปจุดเด่น + วัสดุ/ขนาด + การใช้งาน + กลุ่มสินค้า/อุตสาหกรรมที่เหมาะ + CTA สอบถามราคา","Explain features, size/material, applications, suitable industries, and B2B enquiry angle"
"product","478","plastic-spout-hl070dlj-7mm","https://168innovative.co.th/categories/mascara-packaging/plastic-spout-hl070dlj-7mm","https://168innovative.co.th/en/categories/mascara-packaging/plastic-spout-hl070dlj-7mm","mascara-packaging","จุกพลาสติก HL070DLJ ขนาด 7 มม.","Plastic Spout HL070DLJ 7mm","จุกพลาสติก HL070DLJ ขนาด 7 มม.","Plastic Spout HL070DLJ 7mm","บรรจุภัณฑ์มาสคาร่า | รับผลิต | OEM | โรงงาน","Mascara Packaging | OEM | manufacturer | supplier","filled","missing","filled","0","High","content_th | content_en | faq_items | focus_keyword_th | focus_keyword_en","สรุปจุดเด่น + วัสดุ/ขนาด + การใช้งาน + กลุ่มสินค้า/อุตสาหกรรมที่เหมาะ + CTA สอบถามราคา","Explain features, size/material, applications, suitable industries, and B2B enquiry angle"
"product","477","plastic-spout-hl070dl-7mm","https://168innovative.co.th/categories/lipstick-packaging/plastic-spout-hl070dl-7mm","https://168innovative.co.th/en/categories/lipstick-packaging/plastic-spout-hl070dl-7mm","lipstick-packaging","จุกพลาสติก HL070DL ขนาด 7 มม.","Plastic Spout HL070DL 7mm","จุกพลาสติก HL070DL ขนาด 7 มม.","Plastic Spout HL070DL 7mm","แพ็กเกจลิปสติก | รับผลิต | OEM | โรงงาน","Lipstick Packaging | OEM | manufacturer | supplier","filled","missing","filled","0","High","content_th | content_en | faq_items | focus_keyword_th | focus_keyword_en","สรุปจุดเด่น + วัสดุ/ขนาด + การใช้งาน + กลุ่มสินค้า/อุตสาหกรรมที่เหมาะ + CTA สอบถามราคา","Explain features, size/material, applications, suitable industries, and B2B enquiry angle"
"product","476","plastic-spout-hl070j-7mm","https://168innovative.co.th/categories/mascara-packaging/plastic-spout-hl070j-7mm","https://168innovative.co.th/en/categories/mascara-packaging/plastic-spout-hl070j-7mm","mascara-packaging","จุกพลาสติก HL070J ขนาด 7 มม.","Plastic Spout HL070J 7mm","จุกพลาสติก HL070J ขนาด 7 มม.","Plastic Spout HL070J 7mm","บรรจุภัณฑ์มาสคาร่า | รับผลิต | OEM | โรงงาน","Mascara Packaging | OEM | manufacturer | supplier","filled","missing","filled","0","High","content_th | content_en | faq_items | focus_keyword_th | focus_keyword_en","สรุปจุดเด่น + วัสดุ/ขนาด + การใช้งาน + กลุ่มสินค้า/อุตสาหกรรมที่เหมาะ + CTA สอบถามราคา","Explain features, size/material, applications, suitable industries, and B2B enquiry angle"
"product","475","plastic-spout-hl070-7mm","https://168innovative.co.th/categories/lipstick-packaging/plastic-spout-hl070-7mm","https://168innovative.co.th/en/categories/lipstick-packaging/plastic-spout-hl070-7mm","lipstick-packaging","จุกพลาสติก HL070 ขนาด 7 มม.","Plastic Spout HL070 7mm","จุกพลาสติก HL070 ขนาด 7 มม.","Plastic Spout HL070 7mm","แพ็กเกจลิปสติก | รับผลิต | OEM | โรงงาน","Lipstick Packaging | OEM | manufacturer | supplier","filled","missing","filled","0","High","content_th | content_en | faq_items | focus_keyword_th | focus_keyword_en","สรุปจุดเด่น + วัสดุ/ขนาด + การใช้งาน + กลุ่มสินค้า/อุตสาหกรรมที่เหมาะ + CTA สอบถามราคา","Explain features, size/material, applications, suitable industries, and B2B enquiry angle"
"product","474","plastic-spout-hl070dt-7mm","https://168innovative.co.th/categories/spout/plastic-spout-hl070dt-7mm","https://168innovative.co.th/en/categories/spout/plastic-spout-hl070dt-7mm","spout","จุกพลาสติก HL070DT ขนาด 7 มม.","Plastic Spout HL070DT 7mm","จุกพลาสติก HL070DT ขนาด 7 มม.","Plastic Spout HL070DT 7mm","จุกซอง | รับผลิต | OEM | โรงงาน","Spout Caps | OEM | manufacturer | supplier","filled","missing","filled","0","High","content_th | content_en | faq_items | focus_keyword_th | focus_keyword_en","สรุปจุดเด่น + วัสดุ/ขนาด + การใช้งาน + กลุ่มสินค้า/อุตสาหกรรมที่เหมาะ + CTA สอบถามราคา","Explain features, size/material, applications, suitable industries, and B2B enquiry angle"
"product","473","plastic-spout-hl013-3mm","https://168innovative.co.th/categories/spout/plastic-spout-hl013-3mm","https://168innovative.co.th/en/categories/spout/plastic-spout-hl013-3mm","spout","จุกพลาสติก HL013 ขนาด 3 มม.","Plastic Spout HL013 3mm","จุกพลาสติก HL013 ขนาด 3 มม.","Plastic Spout HL013 3mm","จุกซอง | รับผลิต | OEM | โรงงาน","Spout Caps | OEM | manufacturer | supplier","filled","missing","filled","0","High","content_th | content_en | faq_items | focus_keyword_th | focus_keyword_en","สรุปจุดเด่น + วัสดุ/ขนาด + การใช้งาน + กลุ่มสินค้า/อุตสาหกรรมที่เหมาะ + CTA สอบถามราคา","Explain features, size/material, applications, suitable industries, and B2B enquiry angle"
"product","472","plastic-spout-hl048d-cx048-4-8mm","https://168innovative.co.th/categories/spout/plastic-spout-hl048d-cx048-4-8mm","https://168innovative.co.th/en/categories/spout/plastic-spout-hl048d-cx048-4-8mm","spout","จุกพลาสติก HL048D (CX048) ขนาด 4.8 มม.","Plastic Spout HL048D (CX048) 4.8mm","จุกพลาสติก HL048D (CX048) ขนาด 4.8 มม.","Plastic Spout HL048D (CX048) 4.8mm","จุกซอง | รับผลิต | OEM | โรงงาน","Spout Caps | OEM | manufacturer | supplier","filled","missing","filled","0","High","content_th | content_en | faq_items | focus_keyword_th | focus_keyword_en","สรุปจุดเด่น + วัสดุ/ขนาด + การใช้งาน + กลุ่มสินค้า/อุตสาหกรรมที่เหมาะ + CTA สอบถามราคา","Explain features, size/material, applications, suitable industries, and B2B enquiry angle"
"product","471","plastic-spout-hl060d-sr060-6mm","https://168innovative.co.th/categories/spout/plastic-spout-hl060d-sr060-6mm","https://168innovative.co.th/en/categories/spout/plastic-spout-hl060d-sr060-6mm","spout","จุกพลาสติก HL060D (SR060) ขนาด 6 มม.","Plastic Spout HL060D (SR060) 6mm","จุกพลาสติก HL060D (SR060) ขนาด 6 มม.","Plastic Spout HL060D (SR060) 6mm","จุกซอง | รับผลิต | OEM | โรงงาน","Spout Caps | OEM | manufacturer | supplier","filled","missing","filled","0","High","content_th | content_en | faq_items | focus_keyword_th | focus_keyword_en","สรุปจุดเด่น + วัสดุ/ขนาด + การใช้งาน + กลุ่มสินค้า/อุตสาหกรรมที่เหมาะ + CTA สอบถามราคา","Explain features, size/material, applications, suitable industries, and B2B enquiry angle"
"product","470","plastic-spout-hl080d-8mm","https://168innovative.co.th/categories/spout/plastic-spout-hl080d-8mm","https://168innovative.co.th/en/categories/spout/plastic-spout-hl080d-8mm","spout","จุกพลาสติก HL080D ขนาด 8 มม.","Plastic Spout HL080D 8mm","จุกพลาสติก HL080D ขนาด 8 มม.","Plastic Spout HL080D 8mm","จุกซอง | รับผลิต | OEM | โรงงาน","Spout Caps | OEM | manufacturer | supplier","filled","missing","filled","0","High","content_th | content_en | faq_items | focus_keyword_th | focus_keyword_en","สรุปจุดเด่น + วัสดุ/ขนาด + การใช้งาน + กลุ่มสินค้า/อุตสาหกรรมที่เหมาะ + CTA สอบถามราคา","Explain features, size/material, applications, suitable industries, and B2B enquiry angle"
"product","469","plastic-spout-hl060l-6mm","https://168innovative.co.th/categories//plastic-spout-hl060l-6mm","https://168innovative.co.th/en/categories//plastic-spout-hl060l-6mm","","จุกพลาสติก HL060L ขนาด 6 มม.","Plastic Spout HL060L 6mm","จุกพลาสติก HL060L ขนาด 6 มม.","Plastic Spout HL060L 6mm","รับผลิต | OEM | โรงงาน","OEM | manufacturer | supplier","filled","missing","filled","0","High","content_th | content_en | faq_items | focus_keyword_th | focus_keyword_en","สรุปจุดเด่น + วัสดุ/ขนาด + การใช้งาน + กลุ่มสินค้า/อุตสาหกรรมที่เหมาะ + CTA สอบถามราคา","Explain features, size/material, applications, suitable industries, and B2B enquiry angle"
"product","468","plastic-spout-hl050d-5mm","https://168innovative.co.th/categories/spout/plastic-spout-hl050d-5mm","https://168innovative.co.th/en/categories/spout/plastic-spout-hl050d-5mm","spout","จุกพลาสติก HL050D ขนาด 5 มม.","Plastic Spout HL050D 5mm","จุกพลาสติก HL050D ขนาด 5 มม.","Plastic Spout HL050D 5mm","จุกซอง | รับผลิต | OEM | โรงงาน","Spout Caps | OEM | manufacturer | supplier","filled","missing","filled","0","High","content_th | content_en | faq_items | focus_keyword_th | focus_keyword_en","สรุปจุดเด่น + วัสดุ/ขนาด + การใช้งาน + กลุ่มสินค้า/อุตสาหกรรมที่เหมาะ + CTA สอบถามราคา","Explain features, size/material, applications, suitable industries, and B2B enquiry angle"
"product","467","plastic-spout-hl055d-1-5mm","https://168innovative.co.th/categories/spout/plastic-spout-hl055d-1-5mm","https://168innovative.co.th/en/categories/spout/plastic-spout-hl055d-1-5mm","spout","จุกพลาสติก HL055D-1 ขนาด 5 มม.","Plastic Spout HL055D-1 5mm","จุกพลาสติก HL055D-1 ขนาด 5 มม.","Plastic Spout HL055D-1 5mm","จุกซอง | รับผลิต | OEM | โรงงาน","Spout Caps | OEM | manufacturer | supplier","filled","missing","filled","0","High","content_th | content_en | faq_items | focus_keyword_th | focus_keyword_en","สรุปจุดเด่น + วัสดุ/ขนาด + การใช้งาน + กลุ่มสินค้า/อุตสาหกรรมที่เหมาะ + CTA สอบถามราคา","Explain features, size/material, applications, suitable industries, and B2B enquiry angle"
"product","466","plastic-spout-h055w-5mm-ldpe","https://168innovative.co.th/categories/spout/plastic-spout-h055w-5mm-ldpe","https://168innovative.co.th/en/categories/spout/plastic-spout-h055w-5mm-ldpe","spout","จุกพลาสติก H055W ขนาด 5 มม. LDPE","Plastic Spout H055W 5mm LDPE","จุกพลาสติก H055W ขนาด 5 มม. LDPE","Plastic Spout H055W 5mm LDPE","จุกซอง | รับผลิต | OEM | โรงงาน","Spout Caps | OEM | manufacturer | supplier","filled","missing","filled","0","High","content_th | content_en | faq_items | focus_keyword_th | focus_keyword_en","สรุปจุดเด่น + วัสดุ/ขนาด + การใช้งาน + กลุ่มสินค้า/อุตสาหกรรมที่เหมาะ + CTA สอบถามราคา","Explain features, size/material, applications, suitable industries, and B2B enquiry angle"
"product","465","plastic-spout-hl050-5mm","https://168innovative.co.th/categories/spout/plastic-spout-hl050-5mm","https://168innovative.co.th/en/categories/spout/plastic-spout-hl050-5mm","spout","จุกพลาสติก HL050 ขนาด 5 มม.","Plastic Spout HL050 5mm","จุกพลาสติก HL050 ขนาด 5 มม.","Plastic Spout HL050 5mm","จุกซอง | รับผลิต | OEM | โรงงาน","Spout Caps | OEM | manufacturer | supplier","filled","missing","filled","0","High","content_th | content_en | faq_items | focus_keyword_th | focus_keyword_en","สรุปจุดเด่น + วัสดุ/ขนาด + การใช้งาน + กลุ่มสินค้า/อุตสาหกรรมที่เหมาะ + CTA สอบถามราคา","Explain features, size/material, applications, suitable industries, and B2B enquiry angle"
"product","464","plastic-spout-hl020-2mm","https://168innovative.co.th/categories/spout/plastic-spout-hl020-2mm","https://168innovative.co.th/en/categories/spout/plastic-spout-hl020-2mm","spout","จุกพลาสติก HL020 ขนาด 2 มม.","Plastic Spout HL020 2mm","จุกพลาสติก HL020 ขนาด 2 มม.","Plastic Spout HL020 2mm","จุกซอง | รับผลิต | OEM | โรงงาน","Spout Caps | OEM | manufacturer | supplier","filled","missing","filled","0","High","content_th | content_en | faq_items | focus_keyword_th | focus_keyword_en","สรุปจุดเด่น + วัสดุ/ขนาด + การใช้งาน + กลุ่มสินค้า/อุตสาหกรรมที่เหมาะ + CTA สอบถามราคา","Explain features, size/material, applications, suitable industries, and B2B enquiry angle"
"product","463","plastic-spout-hl018-1-8mm","https://168innovative.co.th/categories/spout/plastic-spout-hl018-1-8mm","https://168innovative.co.th/en/categories/spout/plastic-spout-hl018-1-8mm","spout","จุกพลาสติก HL018 ขนาด 1.8 มม.","Plastic Spout HL018 1.8mm","จุกพลาสติก HL018 ขนาด 1.8 มม.","Plastic Spout HL018 1.8mm","จุกซอง | รับผลิต | OEM | โรงงาน","Spout Caps | OEM | manufacturer | supplier","filled","missing","filled","0","High","content_th | content_en | faq_items | focus_keyword_th | focus_keyword_en","สรุปจุดเด่น + วัสดุ/ขนาด + การใช้งาน + กลุ่มสินค้า/อุตสาหกรรมที่เหมาะ + CTA สอบถามราคา","Explain features, size/material, applications, suitable industries, and B2B enquiry angle"
